scenario,avg_time,total_distance,CO2_emissions
Full Multimodal,5.65780853013221,497.8871506516345,59.74645807819613
Road Only,5.65780853013221,497.8871506516345,59.74645807819613
